{
  "version": "1.0",
  "lastUpdated": "2025-01-04T00:00:00Z",
  "basePaths": {
    "modulesRoot": "Modules",
    "scriptsRoot": "Scripts"
  },
  "modules": {
    "ActiveDirectoryDiscovery": {
      "displayName": "Active Directory Discovery",
      "description": "Discover AD users, groups, computers, and organizational structure",
      "filePath": "Discovery/ActiveDirectoryDiscovery.psm1",
      "category": "Identity",
      "icon": "👥",
      "priority": 1,
      "enabled": true,
      "timeout": 600
    },
    "AzureDiscovery": {
      "displayName": "Azure AD Discovery", 
      "description": "Discover Azure AD users, groups, and applications",
      "filePath": "Discovery/AzureDiscovery.psm1",
      "category": "Identity",
      "icon": "☁️",
      "priority": 1,
      "enabled": true,
      "timeout": 300
    },
    "AzureResourceDiscovery": {
      "displayName": "Azure Resource Discovery",
      "description": "Discover Azure infrastructure, resources, and configurations", 
      "filePath": "Discovery/AzureResourceDiscovery.psm1",
      "category": "Cloud",
      "icon": "🔷",
      "priority": 2,
      "enabled": true,
      "timeout": 1200
    },
    "ExchangeDiscovery": {
      "displayName": "Exchange Discovery",
      "description": "Discover Exchange mailboxes, databases, and configuration",
      "filePath": "Discovery/ExchangeDiscovery.psm1", 
      "category": "Collaboration",
      "icon": "📧",
      "priority": 2,
      "enabled": true,
      "timeout": 900
    },
    "TeamsDiscovery": {
      "displayName": "Microsoft Teams Discovery",
      "description": "Discover Teams, channels, and membership",
      "filePath": "Discovery/TeamsDiscovery.psm1",
      "category": "Collaboration", 
      "icon": "💬",
      "priority": 3,
      "enabled": true,
      "timeout": 300
    },
    "SharePointDiscovery": {
      "displayName": "SharePoint Discovery",
      "description": "Discover SharePoint sites, lists, and permissions",
      "filePath": "Discovery/SharePointDiscovery.psm1",
      "category": "Collaboration",
      "icon": "📚", 
      "priority": 3,
      "enabled": true,
      "timeout": 1200
    },
    "IntuneDiscovery": {
      "displayName": "Intune Discovery",
      "description": "Discover managed devices and policies",
      "filePath": "Discovery/IntuneDiscovery.psm1",
      "category": "Device Management",
      "icon": "📱",
      "priority": 2,
      "enabled": true,
      "timeout": 300
    },
    "NetworkInfrastructureDiscovery": {
      "displayName": "Network Infrastructure",
      "description": "Discover network devices, switches, and routers", 
      "filePath": "Discovery/NetworkInfrastructureDiscovery.psm1",
      "category": "Infrastructure",
      "icon": "🌐",
      "priority": 1,
      "enabled": true,
      "timeout": 300
    },
    "SQLServerDiscovery": {
      "displayName": "SQL Server Discovery",
      "description": "Discover SQL Server instances and databases",
      "filePath": "Discovery/SQLServerDiscovery.psm1",
      "category": "Data", 
      "icon": "🗄️",
      "priority": 1,
      "enabled": true,
      "timeout": 300
    },
    "FileServerDiscovery": {
      "displayName": "File Server Discovery", 
      "description": "Discover file shares and permissions",
      "filePath": "Discovery/FileServerDiscovery.psm1",
      "category": "Storage",
      "icon": "📁",
      "priority": 1,
      "enabled": true,
      "timeout": 1800
    },
    "VMwareDiscovery": {
      "displayName": "VMware Discovery",
      "description": "Discover VMware virtual infrastructure",
      "filePath": "Discovery/VMwareDiscovery.psm1",
      "category": "Virtualization",
      "icon": "💻", 
      "priority": 2,
      "enabled": true,
      "timeout": 300
    },
    "PhysicalServerDiscovery": {
      "displayName": "Physical Server Discovery",
      "description": "Discover physical hardware inventory, specifications, and configurations",
      "filePath": "Discovery/PhysicalServerDiscovery.psm1",
      "category": "Infrastructure",
      "icon": "🖥️",
      "priority": 1,
      "enabled": true,
      "timeout": 300
    },
    "ApplicationDiscovery": {
      "displayName": "Application Discovery",
      "description": "Discover installed applications and services", 
      "filePath": "Discovery/ApplicationDiscovery.psm1",
      "category": "Applications",
      "icon": "📦",
      "priority": 1,
      "enabled": true,
      "timeout": 300
    },
    "ApplicationDependencyMapping": {
      "displayName": "Application Dependencies",
      "description": "Map application dependencies and integration points",
      "filePath": "Discovery/ApplicationDependencyMapping.psm1",
      "category": "Applications",
      "icon": "🔗",
      "priority": 1,
      "enabled": true,
      "timeout": 300
    },
    "SecurityInfrastructureDiscovery": {
      "displayName": "Security Infrastructure", 
      "description": "Discover security appliances, configurations, and policies",
      "filePath": "Discovery/SecurityInfrastructureDiscovery.psm1",
      "category": "Security",
      "icon": "🛡️",
      "priority": 1,
      "enabled": true,
      "timeout": 300
    },
    "SecurityGroupAnalysis": {
      "displayName": "Security Group Analysis",
      "description": "Analyze security group membership and permissions",
      "filePath": "Discovery/SecurityGroupAnalysis.psm1",
      "category": "Security", 
      "icon": "🔒",
      "priority": 1,
      "enabled": true,
      "timeout": 300
    },
    "CertificateDiscovery": {
      "displayName": "Certificate Discovery",
      "description": "Discover digital certificates and PKI infrastructure",
      "filePath": "Discovery/CertificateDiscovery.psm1",
      "category": "Security",
      "icon": "🔐",
      "priority": 1,
      "enabled": true,
      "timeout": 300
    },
    "DataClassification": {
      "displayName": "Data Classification",
      "description": "Classify and assess data sensitivity",
      "filePath": "Discovery/DataClassification.psm1",
      "category": "Data",
      "icon": "🏷️",
      "priority": 1,
      "enabled": true,
      "timeout": 300
    },
    "PrinterDiscovery": {
      "displayName": "Printer Discovery",
      "description": "Discover network and local printers",
      "filePath": "Discovery/PrinterDiscovery.psm1",
      "category": "Infrastructure",
      "icon": "🖨️",
      "priority": 3,
      "enabled": false,
      "timeout": 300
    },
    "StorageArrayDiscovery": {
      "displayName": "Storage Array Discovery",
      "description": "Discover SAN/NAS storage systems and configurations",
      "filePath": "Discovery/StorageArrayDiscovery.psm1", 
      "category": "Storage",
      "icon": "💾",
      "priority": 2,
      "enabled": true,
      "timeout": 300
    },
    "PowerPlatformDiscovery": {
      "displayName": "Power Platform Discovery",
      "description": "Discover Power Apps, Power Automate flows, and Power BI reports",
      "filePath": "Discovery/PowerPlatformDiscovery.psm1",
      "category": "Collaboration",
      "icon": "⚡",
      "priority": 3,
      "enabled": false,
      "timeout": 300
    },
    "DatabaseSchemaDiscovery": {
      "displayName": "Database Schema Discovery", 
      "description": "Discover database schemas and data structures",
      "filePath": "Discovery/DatabaseSchemaDiscovery.psm1",
      "category": "Data",
      "icon": "🗂️",
      "priority": 2,
      "enabled": false,
      "timeout": 300
    },
    "ThreatDetectionEngine": {
      "displayName": "Threat Detection Analysis",
      "description": "Analyze security threats and vulnerabilities",
      "filePath": "Discovery/ThreatDetectionEngine.psm1",
      "category": "Security",
      "icon": "🚨",
      "priority": 3,
      "enabled": false,
      "timeout": 300
    },
    "DataGovernanceMetadataManagement": {
      "displayName": "Data Governance",
      "description": "Manage data governance policies and metadata",
      "filePath": "Discovery/DataGovernanceMetadataManagement.psm1",
      "category": "Data Governance",
      "icon": "📊",
      "priority": 3,
      "enabled": false,
      "timeout": 300
    },
    "DataLineageDependencyEngine": {
      "displayName": "Data Lineage Mapping",
      "description": "Map data lineage and dependencies across systems",
      "filePath": "Discovery/DataLineageDependencyEngine.psm1",
      "category": "Data Governance", 
      "icon": "🔄",
      "priority": 3,
      "enabled": false,
      "timeout": 300
    },
    "ExternalIdentityDiscovery": {
      "displayName": "External Identity Systems",
      "description": "Discover external identity providers and integrations",
      "filePath": "Discovery/ExternalIdentityDiscovery.psm1",
      "category": "Identity",
      "icon": "🔑",
      "priority": 3,
      "enabled": false,
      "timeout": 300
    },
    "PaloAltoDiscovery": {
      "displayName": "Palo Alto Networks Discovery",
      "description": "Discover Palo Alto security appliances and configurations",
      "filePath": "Discovery/PaloAltoDiscovery.psm1",
      "category": "Security",
      "icon": "🔥",
      "priority": 3,
      "enabled": false,
      "timeout": 300
    },
    "BackupRecoveryDiscovery": {
      "displayName": "Backup & Recovery Systems",
      "description": "Discover backup infrastructure and recovery solutions",
      "filePath": "Discovery/BackupRecoveryDiscovery.psm1",
      "category": "Infrastructure", 
      "icon": "💿",
      "priority": 3,
      "enabled": false,
      "timeout": 300
    },
    "ContainerOrchestration": {
      "displayName": "Container Discovery",
      "description": "Discover Kubernetes clusters and containerized applications",
      "filePath": "Discovery/ContainerOrchestration.psm1",
      "category": "Cloud",
      "icon": "📦",
      "priority": 3,
      "enabled": false,
      "timeout": 300
    },
    "ScheduledTaskDiscovery": {
      "displayName": "Scheduled Task Discovery",
      "description": "Discover scheduled tasks and automation workflows",
      "filePath": "Discovery/ScheduledTaskDiscovery.psm1",
      "category": "Operations",
      "icon": "⏰",
      "priority": 3,
      "enabled": false,
      "timeout": 300
    },
    "GraphDiscovery": {
      "displayName": "Enhanced Graph Discovery",
      "description": "Advanced Microsoft Graph API discovery and analysis",
      "filePath": "Discovery/GraphDiscovery.psm1",
      "category": "Identity",
      "icon": "📈",
      "priority": 3,
      "enabled": false,
      "timeout": 300
    },
    "EntraIDAppDiscovery": {
      "displayName": "Enhanced Entra ID Apps",
      "description": "Advanced Entra ID application and service principal discovery",
      "filePath": "Discovery/EntraIDAppDiscovery.psm1",
      "category": "Identity",
      "icon": "🔷",
      "priority": 1,
      "enabled": true,
      "timeout": 300
    },
    "LicensingDiscovery": {
      "displayName": "Software Licensing Analysis",
      "description": "Comprehensive software licensing compliance and cost analysis",
      "filePath": "Discovery/LicensingDiscovery.psm1",
      "category": "Compliance",
      "icon": "📄",
      "priority": 1,
      "enabled": true,
      "timeout": 300
    },
    "MultiDomainForestDiscovery": {
      "displayName": "Multi-Domain Forest Discovery",
      "description": "Complex Active Directory forest and domain topology analysis",
      "filePath": "Discovery/MultiDomainForestDiscovery.psm1",
      "category": "Identity",
      "icon": "🌳",
      "priority": 1,
      "enabled": true,
      "timeout": 300
    },
    "GPODiscovery": {
      "displayName": "Group Policy Analysis",
      "description": "Group Policy discovery, analysis, and security policy assessment",
      "filePath": "Discovery/GPODiscovery.psm1",
      "category": "Security",
      "icon": "📋",
      "priority": 1,
      "enabled": true,
      "timeout": 300
    },
    "ComplianceAssessmentFramework": {
      "displayName": "Compliance Assessment",
      "description": "Assess regulatory compliance and governance",
      "filePath": "Compliance/ComplianceAssessmentFramework.psm1",
      "category": "Compliance",
      "icon": "📋",
      "priority": 1,
      "enabled": true,
      "timeout": 300
    },
    "MultiCloudDiscoveryEngine": {
      "displayName": "Multi-Cloud Discovery",
      "description": "Discover resources across multiple cloud platforms",
      "filePath": "CloudDiscovery/MultiCloudDiscoveryEngine.psm1",
      "category": "Cloud",
      "icon": "☁️",
      "priority": 2,
      "enabled": true,
      "timeout": 300
    },
    "EnvironmentRiskScoring": {
      "displayName": "Environment Risk Assessment",
      "description": "Comprehensive risk scoring and security assessment for M&A due diligence",
      "filePath": "Assessment/EnvironmentRiskScoring.psm1",
      "category": "Risk Assessment",
      "icon": "⚖️",
      "priority": 1,
      "enabled": true,
      "timeout": 300
    }
  }
}